ENSEMBL_GeneID	cut_c_6_iii_01	cut_c_6_iii_02	cut_t_6_iii_01	cut_t_6_iii_02
Zm00001eb000340	49	68	75	94
Zm00001eb000450	55	65	36	46
Zm00001eb000480	33	41	63	71
Zm00001eb001400	39	58	48	67
Zm00001eb001430	91	87	90	86
Zm00001eb002060	41	40	93	92
Zm00001eb002320	32	42	50	60
Zm00001eb002620	114	128	62	76
Zm00001eb002640	27	96	55	124
Zm00001eb002960	43	40	68	65
Zm00001eb003180	61	57	127	123
Zm00001eb003440	43	53	50	60
Zm00001eb003730	668	761	407	500
Zm00001eb003930	45	39	61	55
Zm00001eb004420	92	100	99	107
Zm00001eb004660	79	84	96	101
Zm00001eb005960	58	52	75	69
Zm00001eb006020	147	129	70	52
Zm00001eb007650	29	28	48	47
Zm00001eb007730	34	38	68	72
Zm00001eb007860	54	25	79	50
Zm00001eb008440	57	45	53	41
Zm00001eb008550	86	106	106	126
Zm00001eb008610	60	61	78	79
Zm00001eb008700	50	57	78	85
Zm00001eb009160	50	47	21	18
Zm00001eb009900	17	28	60	71
Zm00001eb009910	91	162	81	152
Zm00001eb009920	34	41	57	64
Zm00001eb010030	61	151	82	172
Zm00001eb010400	53	61	69	77
Zm00001eb010560	53	118	46	111
Zm00001eb010790	107	111	137	141
Zm00001eb010810	44	51	83	90
Zm00001eb011010	40	34	74	68
Zm00001eb011020	59	125	72	138
Zm00001eb011050	69	52	58	41
Zm00001eb011670	76	86	31	41
Zm00001eb011800	49	41	63	55
Zm00001eb012270	104	101	47	44
Zm00001eb012580	76	98	91	113
Zm00001eb012610	40	105	48	113
Zm00001eb012860	36	105	58	127
Zm00001eb013080	283	305	179	305
Zm00001eb013430	272	269	197	194
Zm00001eb013490	37	42	70	75
Zm00001eb013520	82	76	51	45
Zm00001eb013750	112	111	195	111
Zm00001eb013840	72	94	70	92
Zm00001eb013900	45	83	56	94
Zm00001eb013990	80	75	56	51
Zm00001eb014000	60	56	44	40
Zm00001eb014760	24	21	57	54
Zm00001eb015010	97	94	117	114
Zm00001eb015200	85	82	112	109
Zm00001eb015210	50	203	82	235
Zm00001eb015330	53	49	64	60
Zm00001eb015440	48	58	37	47
Zm00001eb015620	694	610	441	357
Zm00001eb015660	35	57	48	70
Zm00001eb016940	155	193	93	131
Zm00001eb017130	33	25	48	40
Zm00001eb017600	58	77	28	47
Zm00001eb018300	19	2	58	41
Zm00001eb018900	38	37	55	54
Zm00001eb018980	32	40	63	71
Zm00001eb018990	39	40	74	75
Zm00001eb019260	40	44	50	54
Zm00001eb020110	59	43	75	59
Zm00001eb020200	63	68	107	112
Zm00001eb020340	146	159	202	215
Zm00001eb022710	404	360	87	43
Zm00001eb023070	43	26	90	73
Zm00001eb023270	45	52	58	65
Zm00001eb023450	44	82	61	99
Zm00001eb023460	125	145	73	93
Zm00001eb023820	334	235	331	232
Zm00001eb024280	43	39	82	78
Zm00001eb025130	19	27	48	56
Zm00001eb025690	147	103	56	12
Zm00001eb026200	42	46	75	79
Zm00001eb026810	34	44	50	60
Zm00001eb026940	229	206	271	248
Zm00001eb027760	25	29	48	52
Zm00001eb028030	134	130	58	54
Zm00001eb028940	26	92	59	125
Zm00001eb028980	61	58	134	131
Zm00001eb029010	24	28	52	56
Zm00001eb029200	263	334	289	360
Zm00001eb031900	38	42	50	54
Zm00001eb032230	80	145	34	99
Zm00001eb032290	427	441	630	644
Zm00001eb032340	66	91	39	64
Zm00001eb032380	203	159	188	144
Zm00001eb032600	59	63	22	26
Zm00001eb032690	245	222	319	296
Zm00001eb033030	238	258	183	203
Zm00001eb033060	29	39	52	62
Zm00001eb034220	44	227	199	382
Zm00001eb034830	66	76	67	77
Zm00001eb034990	111	125	70	84
Zm00001eb035640	56	55	63	62
Zm00001eb036130	51	45	44	38
Zm00001eb036530	39	77	64	102
Zm00001eb036750	80	105	38	63
Zm00001eb036790	16	13	55	52
Zm00001eb036930	155	283	54	182
Zm00001eb037350	53	52	51	50
Zm00001eb037570	91	42	61	12
Zm00001eb037680	54	45	58	49
Zm00001eb038370	48	45	74	71
Zm00001eb038410	77	78	80	81
Zm00001eb038510	62	128	47	113
Zm00001eb038870	87	95	105	113
Zm00001eb039010	200	203	228	203
Zm00001eb039380	29	37	53	61
Zm00001eb039550	313	290	328	305
Zm00001eb039560	40	60	61	81
Zm00001eb040190	90	103	71	84
Zm00001eb040460	91	42	145	96
Zm00001eb040570	172	123	91	42
Zm00001eb040740	51	52	46	47
Zm00001eb040890	69	135	66	132
Zm00001eb041140	78	83	48	53
Zm00001eb041200	76	80	74	78
Zm00001eb041780	62	45	109	92
Zm00001eb042670	141	159	152	159
Zm00001eb042750	73	69	94	90
Zm00001eb042830	23	88	58	123
Zm00001eb043000	50	33	16	15
Zm00001eb043450	119	139	101	121
Zm00001eb043470	30	29	49	48
Zm00001eb043480	53	63	71	81
Zm00001eb044260	54	119	34	99
Zm00001eb045790	107	102	194	102
Zm00001eb046340	37	41	75	79
Zm00001eb047170	66	17	65	16
Zm00001eb047980	39	49	52	62
Zm00001eb048710	116	107	81	72
Zm00001eb049570	54	50	116	112
Zm00001eb049720	31	35	67	71
Zm00001eb050060	33	29	63	59
Zm00001eb050280	189	145	126	82
Zm00001eb051800	31	39	68	76
Zm00001eb052750	106	175	125	194
Zm00001eb053260	52	59	74	81
Zm00001eb053700	214	397	236	419
Zm00001eb054040	203	265	42	104
Zm00001eb054210	27	37	50	60
Zm00001eb054230	257	254	237	234
Zm00001eb054480	34	53	48	67
Zm00001eb054980	90	134	97	141
Zm00001eb054990	58	55	18	15
Zm00001eb055330	46	54	77	85
Zm00001eb055460	28	93	72	137
Zm00001eb055490	47	38	48	39
Zm00001eb055550	46	34	66	54
Zm00001eb055850	155	133	217	133
Zm00001eb055880	107	99	61	53
Zm00001eb056390	69	66	51	48
Zm00001eb056450	140	154	125	139
Zm00001eb056550	50	55	46	51
Zm00001eb056870	77	97	137	157
Zm00001eb056910	22	29	64	71
Zm00001eb056930	58	46	80	68
Zm00001eb056940	46	47	53	54
Zm00001eb057230	303	259	196	152
Zm00001eb057400	51	56	45	50
Zm00001eb057580	76	72	50	46
Zm00001eb057690	103	117	169	183
Zm00001eb057810	262	324	376	438
Zm00001eb058110	42	38	55	51
Zm00001eb058150	30	120	61	151
Zm00001eb058950	49	56	54	61
Zm00001eb059230	84	104	65	85
Zm00001eb059930	256	300	243	287
Zm00001eb060010	45	41	51	47
Zm00001eb060250	77	76	52	51
Zm00001eb060260	54	62	38	46
Zm00001eb060550	50	32	116	98
Zm00001eb061060	102	124	70	92
Zm00001eb061190	51	55	64	68
Zm00001eb061760	19	29	52	62
Zm00001eb061800	41	35	59	53
Zm00001eb061820	76	83	78	85
Zm00001eb062180	258	209	287	238
Zm00001eb062250	40	22	58	40
Zm00001eb062420	85	81	97	93
Zm00001eb062510	102	53	116	67
Zm00001eb062600	179	200	161	200
Zm00001eb063710	96	106	65	75
Zm00001eb063720	86	151	102	167
Zm00001eb063800	63	88	39	64
Zm00001eb063980	62	59	168	59
Zm00001eb064120	112	156	93	137
Zm00001eb064570	18	84	52	118
Zm00001eb065890	48	58	31	41
Zm00001eb066370	122	196	124	198
Zm00001eb066940	86	63	102	79
Zm00001eb067700	56	61	60	65
Zm00001eb067710	94	159	37	102
Zm00001eb067750	123	74	73	24
Zm00001eb067960	56	57	61	62
Zm00001eb068040	24	8	59	43
Zm00001eb068400	179	187	139	147
Zm00001eb069280	37	33	49	45
Zm00001eb070130	55	51	79	75
Zm00001eb070310	48	63	25	40
Zm00001eb070400	137	169	229	169
Zm00001eb070430	55	65	58	68
Zm00001eb070840	63	60	126	123
Zm00001eb070860	60	59	65	64
Zm00001eb070950	81	72	134	125
Zm00001eb071210	47	48	48	49
Zm00001eb072000	31	50	50	69
Zm00001eb072880	25	29	64	68
Zm00001eb073240	26	30	53	57
Zm00001eb074210	47	43	59	55
Zm00001eb076120	65	103	85	123
Zm00001eb076170	28	25	60	57
Zm00001eb076190	50	88	103	141
Zm00001eb076600	83	91	57	65
Zm00001eb077130	77	69	77	69
Zm00001eb077840	53	66	77	90
Zm00001eb078040	50	58	74	82
Zm00001eb078210	84	81	158	155
Zm00001eb078350	26	34	76	84
Zm00001eb078440	2798	2215	2120	2447
Zm00001eb079170	101	170	74	143
Zm00001eb079220	76	204	87	215
Zm00001eb079330	28	27	61	60
Zm00001eb079730	57	53	10	6
Zm00001eb080570	111	125	271	285
Zm00001eb082160	44	51	67	74
Zm00001eb082670	57	67	80	90
Zm00001eb082850	29	182	49	202
Zm00001eb082960	43	54	52	63
Zm00001eb083140	65	61	51	47
Zm00001eb084760	49	53	72	76
Zm00001eb085030	73	135	75	137
Zm00001eb085500	55	65	44	54
Zm00001eb086050	30	34	77	81
Zm00001eb086560	43	50	83	90
Zm00001eb087050	77	88	63	74
Zm00001eb089020	28	32	48	52
Zm00001eb089360	57	45	32	20
Zm00001eb090730	119	185	128	194
Zm00001eb090830	1586	1881	1144	847
Zm00001eb091780	42	46	54	58
Zm00001eb091870	25	32	76	83
Zm00001eb091900	40	48	84	92
Zm00001eb091920	360	331	143	114
Zm00001eb093460	16	13	48	45
Zm00001eb093610	47	46	59	58
Zm00001eb093640	55	74	44	63
Zm00001eb094220	52	118	53	119
Zm00001eb094250	75	83	103	111
Zm00001eb094520	94	88	90	84
Zm00001eb094610	104	101	104	101
Zm00001eb095230	52	49	76	73
Zm00001eb095350	136	205	150	219
Zm00001eb095510	31	19	48	36
Zm00001eb095540	113	136	199	136
Zm00001eb095960	52	60	122	130
Zm00001eb096030	51	34	29	12
Zm00001eb096070	167	320	174	327
Zm00001eb096130	38	21	66	49
Zm00001eb096680	82	96	175	189
Zm00001eb096900	60	82	65	87
Zm00001eb096920	62	44	51	33
Zm00001eb096930	391	574	203	386
Zm00001eb097100	29	37	56	64
Zm00001eb097300	30	55	52	77
Zm00001eb097690	22	150	70	198
Zm00001eb098580	31	30	54	53
Zm00001eb099240	7	17	49	59
Zm00001eb099910	27	21	62	56
Zm00001eb099920	57	52	28	23
Zm00001eb099930	54	61	57	64
Zm00001eb099980	63	59	35	31
Zm00001eb100180	49	46	40	37
Zm00001eb101670	15	89	55	129
Zm00001eb101750	118	95	170	147
Zm00001eb101770	229	295	527	593
Zm00001eb101990	44	54	76	86
Zm00001eb102400	40	47	63	70
Zm00001eb102590	76	71	97	92
Zm00001eb103010	49	43	20	14
Zm00001eb103260	57	61	45	49
Zm00001eb103500	86	57	201	172
Zm00001eb103760	31	30	64	63
Zm00001eb104220	48	68	86	106
Zm00001eb104400	54	62	78	86
Zm00001eb104540	33	29	48	44
Zm00001eb105120	38	58	93	113
Zm00001eb106150	61	68	128	135
Zm00001eb106360	21	4	55	38
Zm00001eb106630	38	33	51	46
Zm00001eb106680	62	58	67	63
Zm00001eb107040	65	80	86	101
Zm00001eb107230	60	43	23	6
Zm00001eb107490	20	45	73	98
Zm00001eb107590	33	53	55	75
Zm00001eb108120	83	94	122	133
Zm00001eb108410	196	215	320	339
Zm00001eb109030	30	24	78	72
Zm00001eb109330	57	61	121	125
Zm00001eb109610	97	116	183	202
Zm00001eb109620	123	119	97	93
Zm00001eb109830	28	24	53	49
Zm00001eb110650	48	58	83	93
Zm00001eb110750	41	37	60	56
Zm00001eb111720	28	25	59	56
Zm00001eb111910	95	133	85	123
Zm00001eb112040	64	72	20	28
Zm00001eb113240	75	71	53	49
Zm00001eb113600	38	100	56	118
Zm00001eb115370	41	106	48	113
Zm00001eb115750	25	22	57	54
Zm00001eb116010	181	191	30	40
Zm00001eb116160	78	88	59	69
Zm00001eb116230	102	173	19	90
Zm00001eb116280	54	61	126	133
Zm00001eb116850	55	65	104	114
Zm00001eb116930	70	66	82	78
Zm00001eb116960	126	195	258	327
Zm00001eb117140	79	87	72	80
Zm00001eb117430	62	56	56	50
Zm00001eb118030	51	62	82	93
Zm00001eb119140	43	42	56	55
Zm00001eb119450	13	7	65	59
Zm00001eb120200	104	55	59	10
Zm00001eb121370	44	113	69	138
Zm00001eb121480	58	78	86	106
Zm00001eb121650	254	382	265	393
Zm00001eb121880	69	77	59	67
Zm00001eb122720	25	35	48	58
Zm00001eb122860	102	3	116	17
Zm00001eb123540	39	110	61	132
Zm00001eb124340	38	20	54	36
Zm00001eb124390	83	39	91	47
Zm00001eb124410	128	124	185	181
Zm00001eb124750	48	56	135	143
Zm00001eb125460	51	61	75	85
Zm00001eb125560	118	122	133	137
Zm00001eb125980	52	57	23	28
Zm00001eb126080	52	62	50	60
Zm00001eb126690	30	52	51	73
Zm00001eb126900	244	195	109	60
Zm00001eb127430	44	43	90	89
Zm00001eb127460	63	71	96	104
Zm00001eb127770	125	278	116	269
Zm00001eb128040	49	61	67	79
Zm00001eb128130	33	27	58	52
Zm00001eb128330	79	90	55	66
Zm00001eb128730	123	137	162	176
Zm00001eb128890	41	45	50	54
Zm00001eb129080	49	53	57	61
Zm00001eb129320	31	28	60	57
Zm00001eb129360	182	203	201	203
Zm00001eb129440	134	122	97	85
Zm00001eb129820	28	24	51	47
Zm00001eb130220	55	38	128	111
Zm00001eb131070	26	22	59	55
Zm00001eb131360	59	56	90	87
Zm00001eb131900	53	47	62	56
Zm00001eb132880	45	52	83	90
Zm00001eb133140	48	56	100	108
Zm00001eb133420	94	90	89	85
Zm00001eb133810	99	103	150	154
Zm00001eb133900	66	70	58	62
Zm00001eb134090	86	42	141	97
Zm00001eb134330	51	47	35	31
Zm00001eb134340	128	125	99	96
Zm00001eb135550	56	130	61	135
Zm00001eb135570	55	68	30	43
Zm00001eb136490	352	336	351	335
Zm00001eb136750	164	292	104	232
Zm00001eb136880	66	81	98	113
Zm00001eb137170	29	48	50	69
Zm00001eb137240	72	69	80	77
Zm00001eb137280	154	145	73	64
Zm00001eb137380	104	170	80	146
Zm00001eb137390	987	901	1055	1362
Zm00001eb137410	1345	1123	923	450
Zm00001eb137430	150	144	102	96
Zm00001eb137480	610	566	469	425
Zm00001eb137500	45	46	58	59
Zm00001eb137840	57	28	95	66
Zm00001eb138230	88	162	146	220
Zm00001eb138410	53	73	102	122
Zm00001eb139130	84	106	52	74
Zm00001eb139140	51	61	50	60
Zm00001eb139860	70	67	65	62
Zm00001eb140360	50	46	41	37
Zm00001eb140430	50	47	59	56
Zm00001eb140720	62	13	66	17
Zm00001eb140890	29	51	56	78
Zm00001eb141010	31	69	55	93
Zm00001eb141120	17	27	82	92
Zm00001eb141930	110	130	97	117
Zm00001eb142220	124	134	93	103
Zm00001eb142540	32	39	48	55
Zm00001eb142730	74	70	69	65
Zm00001eb143000	41	38	67	64
Zm00001eb143330	74	70	67	63
Zm00001eb143460	73	69	72	68
Zm00001eb143710	48	45	62	59
Zm00001eb144240	271	364	373	466
Zm00001eb144600	33	29	48	44
Zm00001eb144760	139	159	252	272
Zm00001eb144930	271	265	61	55
Zm00001eb144960	1031	1214	332	515
Zm00001eb146710	66	76	28	38
Zm00001eb146770	28	38	50	60
Zm00001eb147170	24	20	62	58
Zm00001eb148000	37	59	51	73
Zm00001eb148110	56	209	26	179
Zm00001eb148830	70	78	100	108
Zm00001eb149460	54	207	16	169
Zm00001eb149490	191	153	224	153
Zm00001eb149640	58	148	56	146
Zm00001eb149730	55	50	85	80
Zm00001eb149860	51	47	74	70
Zm00001eb150050	73	55	9	3
Zm00001eb150320	61	127	48	114
Zm00001eb150420	92	114	164	186
Zm00001eb150550	67	55	25	13
Zm00001eb150560	67	72	54	59
Zm00001eb151050	26	22	61	57
Zm00001eb151280	59	56	63	60
Zm00001eb151640	57	67	29	39
Zm00001eb152050	35	57	51	73
Zm00001eb152450	80	118	85	123
Zm00001eb152700	32	42	59	69
Zm00001eb153170	61	71	28	38
Zm00001eb153340	49	45	41	37
Zm00001eb153940	48	47	72	71
Zm00001eb154060	81	95	47	61
Zm00001eb154490	142	145	177	145
Zm00001eb154510	93	89	145	89
Zm00001eb154530	33	104	58	129
Zm00001eb154710	23	27	52	56
Zm00001eb154790	90	89	83	82
Zm00001eb156150	55	121	50	116
Zm00001eb156610	75	144	110	179
Zm00001eb157310	58	42	54	38
Zm00001eb157400	43	62	84	103
Zm00001eb157650	47	57	50	60
Zm00001eb157820	55	62	28	35
Zm00001eb157850	63	19	76	32
Zm00001eb158100	24	29	77	82
Zm00001eb158190	178	161	168	151
Zm00001eb159790	48	45	77	74
Zm00001eb160020	49	26	69	46
Zm00001eb160200	59	212	59	212
Zm00001eb160340	120	134	219	233
Zm00001eb160620	72	77	90	95
Zm00001eb160820	177	128	205	156
Zm00001eb161310	30	38	65	73
Zm00001eb161770	72	63	53	44
Zm00001eb162090	60	56	52	48
Zm00001eb162210	52	66	43	57
Zm00001eb162430	66	63	49	46
Zm00001eb162620	101	111	28	38
Zm00001eb162700	22	26	49	53
Zm00001eb163250	63	51	87	75
Zm00001eb163530	79	87	53	61
Zm00001eb163700	71	67	138	134
Zm00001eb163860	60	56	22	18
Zm00001eb164610	579	623	547	591
Zm00001eb164750	1042	985	1192	805
Zm00001eb164780	102	121	110	129
Zm00001eb164860	425	440	443	458
Zm00001eb165550	476	629	231	384
Zm00001eb165580	797	713	597	513
Zm00001eb165590	132	127	117	112
Zm00001eb165610	424	552	302	430
Zm00001eb165620	336	286	161	111
Zm00001eb166450	53	49	25	21
Zm00001eb167340	111	115	59	63
Zm00001eb167690	563	716	231	384
Zm00001eb168430	59	51	51	43
Zm00001eb168910	117	113	140	136
Zm00001eb169520	616	593	668	645
Zm00001eb169620	52	46	48	42
Zm00001eb169770	33	43	50	60
Zm00001eb169970	119	163	135	179
Zm00001eb170020	197	180	176	159
Zm00001eb170040	671	498	976	498
Zm00001eb171440	115	98	196	179
Zm00001eb172130	67	87	111	131
Zm00001eb172200	59	69	42	52
Zm00001eb172230	126	77	45	22
Zm00001eb172420	578	555	440	417
Zm00001eb172450	3	7	63	67
Zm00001eb173220	58	96	122	160
Zm00001eb173410	117	111	126	120
Zm00001eb173790	57	71	111	125
Zm00001eb174930	47	43	98	94
Zm00001eb175100	47	54	73	80
Zm00001eb175200	51	56	45	50
Zm00001eb175220	49	71	70	92
Zm00001eb175860	45	41	53	49
Zm00001eb176000	51	47	95	91
Zm00001eb176160	113	184	81	152
Zm00001eb176850	51	55	24	28
Zm00001eb177270	28	42	55	69
Zm00001eb177310	49	46	25	22
Zm00001eb177450	99	95	109	105
Zm00001eb178190	41	63	49	71
Zm00001eb178320	65	36	132	103
Zm00001eb179490	58	52	121	115
Zm00001eb180260	21	15	56	50
Zm00001eb180670	30	24	68	62
Zm00001eb183420	39	77	80	118
Zm00001eb184000	89	111	170	192
Zm00001eb184470	19	30	145	30
Zm00001eb185220	22	32	48	58
Zm00001eb185240	156	176	101	121
Zm00001eb185300	63	77	19	33
Zm00001eb186300	51	55	24	28
Zm00001eb186900	354	416	127	189
Zm00001eb187010	89	85	88	84
Zm00001eb188030	28	23	64	59
Zm00001eb188040	33	29	48	44
Zm00001eb188600	87	240	96	249
Zm00001eb188910	26	34	58	66
Zm00001eb189300	37	34	59	56
Zm00001eb189380	118	301	223	406
Zm00001eb189920	93	162	60	129
Zm00001eb190060	82	71	190	71
Zm00001eb190340	55	117	19	81
Zm00001eb191550	26	37	93	104
Zm00001eb191710	32	42	52	62
Zm00001eb191930	46	53	61	68
Zm00001eb192310	40	55	59	74
Zm00001eb192570	68	90	74	96
Zm00001eb192630	64	84	111	131
Zm00001eb192900	27	49	54	76
Zm00001eb193040	30	50	48	68
Zm00001eb194190	106	171	185	250
Zm00001eb194950	71	68	95	92
Zm00001eb195000	54	48	65	59
Zm00001eb195200	70	53	35	18
Zm00001eb196650	40	22	52	34
Zm00001eb196960	12	20	55	63
Zm00001eb197870	39	35	69	65
Zm00001eb198420	72	70	145	70
Zm00001eb198460	35	57	48	70
Zm00001eb199470	118	69	99	50
Zm00001eb199590	101	108	167	174
Zm00001eb199800	71	68	113	110
Zm00001eb200430	54	48	99	93
Zm00001eb200810	53	75	36	58
Zm00001eb201180	58	62	29	33
Zm00001eb201330	55	50	48	43
Zm00001eb201570	113	69	91	47
Zm00001eb202200	23	20	57	54
Zm00001eb202400	56	66	130	140
Zm00001eb202580	48	52	75	79
Zm00001eb202790	50	54	35	39
Zm00001eb202910	34	17	97	80
Zm00001eb203340	59	55	71	67
Zm00001eb203470	85	93	120	128
Zm00001eb204260	61	58	77	74
Zm00001eb204910	47	3	89	45
Zm00001eb204950	29	26	53	50
Zm00001eb205160	35	32	73	70
Zm00001eb205190	28	32	51	55
Zm00001eb205270	64	60	85	81
Zm00001eb205820	31	69	55	93
Zm00001eb206040	436	407	143	114
Zm00001eb206090	39	51	104	116
Zm00001eb206930	249	432	358	541
Zm00001eb207390	47	41	59	53
Zm00001eb207540	45	119	51	125
Zm00001eb208030	56	121	37	102
Zm00001eb208050	57	53	96	92
Zm00001eb208540	137	157	129	149
Zm00001eb209000	53	49	105	101
Zm00001eb209760	56	60	44	48
Zm00001eb209960	36	46	52	62
Zm00001eb210720	55	63	83	91
Zm00001eb211010	72	69	146	69
Zm00001eb211090	35	55	81	101
Zm00001eb211740	118	114	124	120
Zm00001eb212030	38	9	72	43
Zm00001eb212170	61	65	98	102
Zm00001eb212300	19	32	63	76
Zm00001eb212470	74	71	105	102
Zm00001eb213080	58	63	108	113
Zm00001eb213260	61	58	55	52
Zm00001eb213760	239	216	344	321
Zm00001eb214560	99	50	105	56
Zm00001eb214650	33	38	63	68
Zm00001eb214870	48	117	27	96
Zm00001eb215120	104	95	146	95
Zm00001eb215310	110	107	100	97
Zm00001eb215710	286	270	271	255
Zm00001eb216020	27	37	77	87
Zm00001eb216210	62	69	54	61
Zm00001eb216260	123	194	174	245
Zm00001eb217560	92	43	51	2
Zm00001eb217950	30	95	50	115
Zm00001eb218000	78	100	70	92
Zm00001eb218320	256	330	334	408
Zm00001eb218400	103	110	39	46
Zm00001eb218560	61	69	74	82
Zm00001eb218760	17	12	62	12
Zm00001eb218860	20	17	60	57
Zm00001eb219270	73	256	196	379
Zm00001eb219490	84	68	121	105
Zm00001eb219570	57	53	88	84
Zm00001eb219770	68	65	87	84
Zm00001eb219820	26	179	51	204
Zm00001eb221000	206	271	281	346
Zm00001eb221500	33	29	55	51
Zm00001eb221790	43	47	68	72
Zm00001eb222240	42	50	94	102
Zm00001eb222320	66	88	70	92
Zm00001eb222570	103	53	116	66
Zm00001eb222880	85	123	85	123
Zm00001eb223980	128	124	78	74
Zm00001eb224430	146	129	35	18
Zm00001eb224520	31	53	59	81
Zm00001eb224740	40	32	58	50
Zm00001eb224900	78	72	79	73
Zm00001eb224950	48	44	41	37
Zm00001eb225010	35	32	60	57
Zm00001eb225230	493	537	318	362
Zm00001eb226490	63	51	21	9
Zm00001eb226920	104	101	92	89
Zm00001eb226990	43	26	109	92
Zm00001eb227470	98	93	92	87
Zm00001eb227940	41	106	48	113
Zm00001eb228370	220	121	73	48
Zm00001eb228570	66	70	51	55
Zm00001eb228620	267	223	295	251
Zm00001eb228790	46	65	59	78
Zm00001eb229460	91	88	131	128
Zm00001eb229550	309	280	303	274
Zm00001eb229690	88	101	121	134
Zm00001eb229930	28	32	56	60
Zm00001eb230780	48	31	73	56
Zm00001eb231220	63	40	80	57
Zm00001eb231250	71	79	61	69
Zm00001eb231430	48	52	75	79
Zm00001eb232220	40	39	63	62
Zm00001eb232520	50	46	116	112
Zm00001eb233070	168	212	195	239
Zm00001eb233090	33	45	57	69
Zm00001eb233140	36	33	54	51
Zm00001eb233450	120	133	145	158
Zm00001eb233530	58	55	82	79
Zm00001eb233720	100	114	68	82
Zm00001eb234390	36	31	76	71
Zm00001eb234730	122	142	128	148
Zm00001eb235880	45	39	67	61
Zm00001eb236430	250	206	147	103
Zm00001eb236450	48	68	76	96
Zm00001eb237050	48	39	48	39
Zm00001eb237240	42	50	58	66
Zm00001eb237390	57	61	84	88
Zm00001eb238670	262	239	265	242
Zm00001eb238900	26	36	52	62
Zm00001eb238930	54	31	74	51
Zm00001eb239300	79	75	71	67
Zm00001eb239380	32	22	163	22
Zm00001eb239390	59	67	54	62
Zm00001eb239530	33	44	66	77
Zm00001eb240090	25	8	49	32
Zm00001eb240130	22	14	67	59
Zm00001eb240160	44	26	63	45
Zm00001eb240700	487	640	291	444
Zm00001eb240810	23	31	53	61
Zm00001eb240870	74	68	42	36
Zm00001eb241190	61	65	58	62
Zm00001eb241550	36	46	68	78
Zm00001eb242260	76	120	153	197
Zm00001eb243040	108	105	70	67
Zm00001eb243130	45	55	54	64
Zm00001eb243180	111	176	37	102
Zm00001eb243530	39	35	57	53
Zm00001eb244120	62	70	47	55
Zm00001eb244650	37	41	48	52
Zm00001eb245610	327	510	275	458
Zm00001eb245640	22	34	54	66
Zm00001eb245950	79	93	89	103
Zm00001eb246330	56	39	75	58
Zm00001eb246350	77	148	68	139
Zm00001eb246370	84	81	139	136
Zm00001eb246600	17	13	53	49
Zm00001eb246860	83	74	68	59
Zm00001eb247590	243	426	313	496
Zm00001eb247610	519	475	303	259
Zm00001eb247630	291	242	291	242
Zm00001eb247760	149	187	74	112
Zm00001eb247810	25	7	80	62
Zm00001eb249900	85	90	65	70
Zm00001eb249940	283	233	141	91
Zm00001eb250190	20	91	53	124
Zm00001eb250610	66	81	55	70
Zm00001eb251410	49	46	67	64
Zm00001eb252410	14	11	48	45
Zm00001eb252630	43	26	95	78
Zm00001eb252720	184	255	71	142
Zm00001eb252830	49	20	79	50
Zm00001eb252870	228	205	392	369
Zm00001eb253090	45	39	54	48
Zm00001eb253140	19	16	49	46
Zm00001eb253470	105	179	82	156
Zm00001eb253820	128	119	92	83
Zm00001eb254080	52	46	56	50
Zm00001eb254200	79	91	58	70
Zm00001eb255240	194	150	233	189
Zm00001eb255590	38	32	49	43
Zm00001eb255600	75	52	131	108
Zm00001eb255960	65	130	32	97
Zm00001eb256020	109	80	201	172
Zm00001eb256970	70	89	25	44
Zm00001eb257200	45	198	57	210
Zm00001eb257760	51	46	64	59
Zm00001eb257930	32	103	48	119
Zm00001eb258170	38	48	65	75
Zm00001eb258320	57	76	57	76
Zm00001eb258730	44	15	67	38
Zm00001eb258770	72	143	97	168
Zm00001eb258880	53	206	59	212
Zm00001eb258890	65	61	63	59
Zm00001eb258950	49	43	51	45
Zm00001eb259300	35	32	56	53
Zm00001eb259950	49	114	14	79
Zm00001eb260600	54	64	49	59
Zm00001eb260710	128	99	143	114
Zm00001eb260880	44	110	128	194
Zm00001eb260960	43	57	81	95
Zm00001eb261430	391	368	527	504
Zm00001eb261840	125	139	280	294
Zm00001eb264880	50	47	89	86
Zm00001eb265610	65	139	71	145
Zm00001eb265890	119	75	69	25
Zm00001eb265900	158	114	92	48
Zm00001eb266490	59	66	71	78
Zm00001eb266800	77	65	19	7
Zm00001eb266840	39	101	61	123
Zm00001eb267030	5622	6482	5493	5002
Zm00001eb267140	58	14	76	32
Zm00001eb267260	106	116	130	140
Zm00001eb267280	45	53	95	103
Zm00001eb267900	27	89	67	129
Zm00001eb268050	78	82	92	96
Zm00001eb268660	116	190	179	190
Zm00001eb268830	52	48	49	45
Zm00001eb269400	55	49	44	38
Zm00001eb269610	55	38	80	63
Zm00001eb269650	75	58	35	18
Zm00001eb269730	46	34	62	50
Zm00001eb269950	26	22	77	73
Zm00001eb269960	63	128	33	98
Zm00001eb271440	76	141	32	97
Zm00001eb271480	76	73	49	46
Zm00001eb271550	41	29	74	62
Zm00001eb271900	25	33	76	84
Zm00001eb272050	71	79	62	70
Zm00001eb272290	53	57	99	103
Zm00001eb272310	30	44	60	74
Zm00001eb272750	46	47	51	52
Zm00001eb272920	98	94	140	136
Zm00001eb273640	21	5	48	32
Zm00001eb273650	21	15	48	42
Zm00001eb273670	28	24	53	49
Zm00001eb273940	86	151	37	102
Zm00001eb274110	60	16	84	40
Zm00001eb276860	249	150	396	297
Zm00001eb277320	101	29	192	29
Zm00001eb277330	152	174	142	164
Zm00001eb279430	51	62	72	83
Zm00001eb279480	41	12	72	43
Zm00001eb280120	51	95	92	136
Zm00001eb280640	73	81	46	54
Zm00001eb280650	47	62	50	65
Zm00001eb280740	103	91	112	100
Zm00001eb280790	77	82	76	81
Zm00001eb281710	23	19	53	49
Zm00001eb281730	48	119	50	121
Zm00001eb281780	23	45	54	76
Zm00001eb281810	28	36	62	70
Zm00001eb281840	89	160	116	187
Zm00001eb282450	66	61	102	97
Zm00001eb282710	85	105	137	157
Zm00001eb282790	54	49	128	123
Zm00001eb282820	46	111	63	128
Zm00001eb283110	263	246	275	258
Zm00001eb283440	135	139	90	94
Zm00001eb283450	106	110	82	86
Zm00001eb283870	37	57	70	90
Zm00001eb284310	67	74	93	100
Zm00001eb285090	62	67	83	88
Zm00001eb285210	229	286	345	402
Zm00001eb285220	127	201	231	305
Zm00001eb285230	138	134	282	278
Zm00001eb285360	109	113	29	33
Zm00001eb285450	105	119	196	210
Zm00001eb285610	101	254	138	291
Zm00001eb285840	28	43	53	68
Zm00001eb285890	107	235	131	259
Zm00001eb286210	30	24	58	52
Zm00001eb286470	22	26	49	53
Zm00001eb287610	70	26	79	35
Zm00001eb287830	44	40	61	57
Zm00001eb287860	42	52	52	62
Zm00001eb288150	94	93	57	56
Zm00001eb288200	48	44	82	78
Zm00001eb288290	34	39	59	64
Zm00001eb288340	67	157	97	187
Zm00001eb289210	58	71	49	62
Zm00001eb289460	78	75	95	92
Zm00001eb289490	51	76	39	64
Zm00001eb289680	64	62	143	62
Zm00001eb289740	57	34	63	40
Zm00001eb290370	105	152	159	152
Zm00001eb290920	38	43	73	78
Zm00001eb291240	68	66	205	66
Zm00001eb291340	41	35	59	53
Zm00001eb291810	66	65	79	78
Zm00001eb292340	50	33	63	46
Zm00001eb292680	27	89	52	114
Zm00001eb292930	74	73	92	91
Zm00001eb293540	42	64	76	98
Zm00001eb293760	35	60	64	89
Zm00001eb293810	22	19	54	51
Zm00001eb294030	60	55	54	49
Zm00001eb294160	122	105	137	120
Zm00001eb294370	52	57	45	50
Zm00001eb294420	125	110	207	110
Zm00001eb294430	32	70	75	113
Zm00001eb294690	65	75	61	71
Zm00001eb294870	117	136	115	134
Zm00001eb294990	21	46	73	98
Zm00001eb295050	96	79	123	106
Zm00001eb295070	44	54	56	66
Zm00001eb295490	69	131	94	156
Zm00001eb295750	82	92	50	60
Zm00001eb296060	66	67	103	104
Zm00001eb296090	62	77	45	60
Zm00001eb296120	57	53	68	64
Zm00001eb296220	59	128	14	83
Zm00001eb296460	151	279	171	299
Zm00001eb296550	33	16	52	35
Zm00001eb296580	47	44	96	93
Zm00001eb296990	57	123	36	102
Zm00001eb297070	28	47	50	69
Zm00001eb298320	139	183	142	186
Zm00001eb298350	55	120	43	108
Zm00001eb298950	27	28	66	67
Zm00001eb299450	417	507	319	409
Zm00001eb299550	104	98	66	60
Zm00001eb301010	51	61	96	106
Zm00001eb301680	95	166	89	160
Zm00001eb301890	28	22	49	43
Zm00001eb302140	68	19	60	11
Zm00001eb302330	65	62	50	47
Zm00001eb302400	31	159	63	191
Zm00001eb302810	70	66	123	119
Zm00001eb303010	76	71	79	74
Zm00001eb303030	102	112	100	110
Zm00001eb303080	155	180	166	180
Zm00001eb303110	89	99	108	118
Zm00001eb303190	649	824	276	824
Zm00001eb303500	187	163	203	163
Zm00001eb303540	48	42	47	41
Zm00001eb303720	27	37	63	73
Zm00001eb304260	78	74	40	36
Zm00001eb304290	83	70	192	70
Zm00001eb304560	265	269	236	240
Zm00001eb305710	66	74	68	76
Zm00001eb306030	397	298	267	168
Zm00001eb306380	125	124	75	74
Zm00001eb306400	240	330	137	227
Zm00001eb306800	38	46	49	57
Zm00001eb307060	44	40	55	51
Zm00001eb307070	42	25	61	44
Zm00001eb307270	67	23	76	32
Zm00001eb308000	32	42	64	74
Zm00001eb308350	110	130	148	168
Zm00001eb308540	34	10	68	10
Zm00001eb309260	29	33	48	52
Zm00001eb309660	84	109	104	129
Zm00001eb309910	83	91	58	66
Zm00001eb310700	77	143	125	191
Zm00001eb310830	31	39	59	67
Zm00001eb311560	51	61	46	56
Zm00001eb312070	309	210	153	54
Zm00001eb312080	265	280	113	128
Zm00001eb312170	28	66	75	113
Zm00001eb312560	56	48	98	90
Zm00001eb313690	49	69	86	106
Zm00001eb314220	59	71	38	50
Zm00001eb314490	57	49	88	80
Zm00001eb316520	184	228	173	217
Zm00001eb317090	60	64	29	33
Zm00001eb317450	26	22	72	68
Zm00001eb317710	51	70	41	60
Zm00001eb317720	42	37	67	62
Zm00001eb317810	60	56	78	74
Zm00001eb318400	48	113	33	98
Zm00001eb318820	20	24	49	53
Zm00001eb319590	18	15	48	45
Zm00001eb319680	58	123	25	90
Zm00001eb320510	49	71	70	92
Zm00001eb320800	322	329	370	377
Zm00001eb320890	64	79	5	20
Zm00001eb320980	51	141	179	269
Zm00001eb321330	38	76	64	102
Zm00001eb321600	43	26	77	60
Zm00001eb321790	35	40	48	53
Zm00001eb322290	41	37	55	51
Zm00001eb322580	81	82	41	42
Zm00001eb322690	46	47	51	52
Zm00001eb322940	49	57	73	81
Zm00001eb323110	208	258	224	258
Zm00001eb323510	53	63	63	73
Zm00001eb323620	59	149	68	158
Zm00001eb323810	56	52	76	72
Zm00001eb324390	87	95	65	73
Zm00001eb324440	40	36	65	61
Zm00001eb324510	33	47	75	89
Zm00001eb324700	78	82	101	105
Zm00001eb324850	72	82	50	60
Zm00001eb324930	61	49	66	54
Zm00001eb325230	61	11	73	23
Zm00001eb325270	40	23	60	43
Zm00001eb325640	129	100	143	114
Zm00001eb326630	158	223	233	298
Zm00001eb326850	112	100	50	38
Zm00001eb327330	52	126	101	175
Zm00001eb327430	238	253	238	253
Zm00001eb327530	50	62	52	64
Zm00001eb327790	81	78	75	72
Zm00001eb327800	181	115	165	115
Zm00001eb328760	70	65	62	57
Zm00001eb328850	52	56	84	88
Zm00001eb329150	40	39	58	57
Zm00001eb329250	84	128	100	144
Zm00001eb329270	42	62	86	106
Zm00001eb329590	26	64	75	113
Zm00001eb329960	146	134	163	151
Zm00001eb330180	66	63	48	45
Zm00001eb330190	45	173	48	176
Zm00001eb330380	115	135	101	121
Zm00001eb330470	69	66	105	102
Zm00001eb330530	71	76	54	59
Zm00001eb330550	79	101	81	103
Zm00001eb330600	98	100	153	100
Zm00001eb330880	68	112	113	157
Zm00001eb331200	45	114	78	147
Zm00001eb331470	34	31	54	51
Zm00001eb332050	175	189	30	44
Zm00001eb332160	51	141	45	135
Zm00001eb332210	90	40	48	40
Zm00001eb332290	49	57	40	48
Zm00001eb332520	31	43	76	88
Zm00001eb333010	46	66	57	77
Zm00001eb333100	39	36	61	58
Zm00001eb333190	43	15	74	46
Zm00001eb333970	114	139	82	107
Zm00001eb334050	157	201	207	251
Zm00001eb334140	61	53	28	20
Zm00001eb335070	56	78	26	48
Zm00001eb335620	54	59	131	136
Zm00001eb335880	101	57	118	74
Zm00001eb336090	77	28	60	11
Zm00001eb336310	35	39	57	61
Zm00001eb336390	38	21	57	40
Zm00001eb337010	30	49	48	67
Zm00001eb337600	75	140	28	93
Zm00001eb339270	27	41	53	67
Zm00001eb339850	66	49	35	18
Zm00001eb340350	60	73	98	111
Zm00001eb340370	69	107	135	173
Zm00001eb340450	633	726	601	694
Zm00001eb340580	64	78	136	150
Zm00001eb340720	48	52	59	63
Zm00001eb341630	5	2	84	81
Zm00001eb342400	58	72	159	173
Zm00001eb343030	104	112	105	113
Zm00001eb343680	79	74	69	64
Zm00001eb343830	43	47	77	81
Zm00001eb344440	60	43	128	111
Zm00001eb344760	58	46	51	39
Zm00001eb344820	45	67	49	71
Zm00001eb345260	39	43	57	61
Zm00001eb345420	32	52	53	73
Zm00001eb345550	40	37	59	56
Zm00001eb345610	21	59	54	92
Zm00001eb345740	96	118	84	106
Zm00001eb346040	29	51	62	84
Zm00001eb346100	54	37	109	92
Zm00001eb346120	41	45	67	71
Zm00001eb346150	194	209	160	175
Zm00001eb346210	85	80	135	130
Zm00001eb346230	43	53	115	125
Zm00001eb346940	25	29	49	53
Zm00001eb347200	31	53	54	76
Zm00001eb347380	19	2	51	34
Zm00001eb347850	28	24	90	86
Zm00001eb348240	67	55	59	47
Zm00001eb349010	61	127	62	128
Zm00001eb349240	98	95	104	101
Zm00001eb350390	73	44	101	72
Zm00001eb351020	53	50	42	39
Zm00001eb351270	43	51	56	64
Zm00001eb351330	39	108	98	167
Zm00001eb351380	67	64	48	45
Zm00001eb351630	19	172	53	206
Zm00001eb351700	30	21	63	54
Zm00001eb352030	174	124	230	180
Zm00001eb352080	82	86	109	113
Zm00001eb352180	65	61	101	97
Zm00001eb352350	68	63	104	99
Zm00001eb353970	759	657	400	298
Zm00001eb354140	90	84	110	104
Zm00001eb354170	37	45	55	63
Zm00001eb354230	35	45	50	60
Zm00001eb354640	315	340	316	341
Zm00001eb355240	56	209	59	212
Zm00001eb355740	88	76	44	32
Zm00001eb356000	78	140	106	168
Zm00001eb356050	264	277	322	335
Zm00001eb356170	41	56	61	76
Zm00001eb356490	25	36	61	72
Zm00001eb356710	52	117	37	102
Zm00001eb357140	33	58	73	98
Zm00001eb357340	37	41	61	65
Zm00001eb358050	34	42	53	61
Zm00001eb358170	38	42	50	54
Zm00001eb358560	36	46	55	65
Zm00001eb359330	36	105	48	117
Zm00001eb359420	114	185	89	160
Zm00001eb359540	69	70	78	79
Zm00001eb359780	28	29	69	70
Zm00001eb360030	51	35	32	16
Zm00001eb360190	100	108	102	110
Zm00001eb361000	55	59	16	20
Zm00001eb361080	37	51	57	71
Zm00001eb361610	54	207	59	212
Zm00001eb361700	63	59	120	116
Zm00001eb362020	60	10	58	8
Zm00001eb362250	32	29	52	49
Zm00001eb363880	86	108	99	121
Zm00001eb364190	61	81	111	131
Zm00001eb365020	30	29	51	50
Zm00001eb365200	84	78	139	133
Zm00001eb365660	46	34	55	43
Zm00001eb365670	20	24	52	56
Zm00001eb365690	51	47	27	23
Zm00001eb365710	177	360	401	584
Zm00001eb366700	62	127	33	98
Zm00001eb366710	77	60	123	106
Zm00001eb366720	49	59	31	41
Zm00001eb368000	54	79	22	47
Zm00001eb368060	86	37	61	12
Zm00001eb368480	47	54	110	117
Zm00001eb368940	48	56	59	67
Zm00001eb368990	75	94	134	153
Zm00001eb369050	52	59	59	66
Zm00001eb369150	70	92	114	136
Zm00001eb369310	38	9	65	36
Zm00001eb369350	463	440	281	258
Zm00001eb369520	27	24	57	54
Zm00001eb369660	39	49	62	72
Zm00001eb369750	56	53	52	49
Zm00001eb370330	386	569	289	472
Zm00001eb370910	33	43	50	60
Zm00001eb371200	234	211	296	273
Zm00001eb371250	41	55	51	65
Zm00001eb371740	25	32	60	67
Zm00001eb372570	107	104	137	134
Zm00001eb373120	73	29	76	32
Zm00001eb373290	54	69	73	88
Zm00001eb373790	30	38	86	94
Zm00001eb373960	30	95	53	118
Zm00001eb373990	73	70	71	68
Zm00001eb374090	410	484	360	434
Zm00001eb374300	18	28	52	62
Zm00001eb374470	40	48	70	78
Zm00001eb374670	73	57	91	75
Zm00001eb375040	142	139	197	194
Zm00001eb375180	73	56	103	86
Zm00001eb375490	15	81	56	122
Zm00001eb375530	71	93	127	149
Zm00001eb376020	77	27	83	33
Zm00001eb376570	152	103	84	35
Zm00001eb376670	49	41	56	48
Zm00001eb376740	70	82	71	83
Zm00001eb377430	56	121	23	88
Zm00001eb377870	142	180	296	334
Zm00001eb378000	45	60	152	60
Zm00001eb378030	79	117	69	107
Zm00001eb378210	68	65	48	45
Zm00001eb378280	67	87	16	36
Zm00001eb378360	49	49	53	53
Zm00001eb379660	53	75	45	67
Zm00001eb380150	57	53	54	50
Zm00001eb380260	62	61	68	67
Zm00001eb381630	17	25	54	62
Zm00001eb382240	57	53	73	69
Zm00001eb382690	43	50	51	58
Zm00001eb383830	68	45	7	16
Zm00001eb385040	139	164	199	224
Zm00001eb385150	35	31	76	72
Zm00001eb385410	105	56	78	29
Zm00001eb385900	258	351	491	584
Zm00001eb387030	44	40	55	51
Zm00001eb387570	101	108	85	92
Zm00001eb387920	174	168	153	168
Zm00001eb389310	41	36	60	55
Zm00001eb389350	52	40	49	37
Zm00001eb389420	68	62	92	86
Zm00001eb389540	64	60	124	120
Zm00001eb389590	37	33	59	55
Zm00001eb389930	9	34	49	74
Zm00001eb390190	45	42	87	84
Zm00001eb390790	35	54	66	85
Zm00001eb391660	31	28	56	53
Zm00001eb391690	97	48	173	124
Zm00001eb392050	37	47	52	62
Zm00001eb392120	21	18	48	45
Zm00001eb392290	36	41	82	87
Zm00001eb392880	147	161	335	349
Zm00001eb393120	230	283	231	283
Zm00001eb393130	55	54	75	74
Zm00001eb393200	79	86	153	86
Zm00001eb394540	48	117	89	158
Zm00001eb394600	63	59	52	48
Zm00001eb394700	73	70	49	46
Zm00001eb395180	34	39	65	70
Zm00001eb395310	27	37	52	62
Zm00001eb395850	43	39	67	63
Zm00001eb395970	16	13	48	45
Zm00001eb396650	40	47	70	77
Zm00001eb396730	44	53	141	53
Zm00001eb397180	162	176	151	165
Zm00001eb397320	16	24	52	60
Zm00001eb397500	55	38	154	137
Zm00001eb397570	39	49	54	64
Zm00001eb397580	43	39	48	44
Zm00001eb398420	35	32	48	45
Zm00001eb398530	92	112	124	144
Zm00001eb398590	36	33	64	61
Zm00001eb398860	67	89	70	92
Zm00001eb399010	47	55	91	99
Zm00001eb399190	24	18	51	45
Zm00001eb400220	42	52	85	95
Zm00001eb400310	48	31	117	100
Zm00001eb400330	25	20	59	54
Zm00001eb400820	64	55	109	100
Zm00001eb401700	20	8	70	58
Zm00001eb401720	20	32	63	75
Zm00001eb401990	59	56	50	47
Zm00001eb402570	58	102	107	151
Zm00001eb402790	44	43	82	81
Zm00001eb402880	44	51	53	60
Zm00001eb403260	140	150	75	85
Zm00001eb403640	77	85	65	73
Zm00001eb403860	78	75	112	109
Zm00001eb404080	38	42	50	54
Zm00001eb404400	82	92	36	46
Zm00001eb404560	56	146	14	104
Zm00001eb404780	732	648	774	690
Zm00001eb404790	1110	1489	1157	1000
Zm00001eb404800	282	360	206	360
Zm00001eb404830	88	113	150	175
Zm00001eb404860	49	120	37	108
Zm00001eb405390	55	77	13	35
Zm00001eb406100	837	1020	667	850
Zm00001eb406450	42	38	56	52
Zm00001eb406570	71	86	67	82
Zm00001eb407710	165	121	88	44
Zm00001eb408360	48	113	35	100
Zm00001eb409450	82	147	76	141
Zm00001eb409500	52	64	94	106
Zm00001eb409870	128	99	161	132
Zm00001eb410170	56	78	45	67
Zm00001eb410350	37	47	48	58
Zm00001eb410510	46	50	54	58
Zm00001eb411000	52	48	35	31
Zm00001eb411100	61	49	21	9
Zm00001eb411300	260	304	121	165
Zm00001eb411320	63	83	36	56
Zm00001eb411380	2247	1958	3159	3263
Zm00001eb411430	48	25	60	37
Zm00001eb411520	72	82	91	101
Zm00001eb412370	85	151	151	217
Zm00001eb413160	23	20	51	48
Zm00001eb413370	73	70	81	78
Zm00001eb413630	243	333	111	201
Zm00001eb414360	52	74	26	48
Zm00001eb414390	71	54	42	25
Zm00001eb415410	119	185	221	287
Zm00001eb415460	83	66	123	106
Zm00001eb415530	39	47	80	88
Zm00001eb415630	133	83	95	45
Zm00001eb416090	58	69	26	37
Zm00001eb417240	114	106	71	63
Zm00001eb417370	143	114	117	88
Zm00001eb417450	111	121	140	150
Zm00001eb417480	148	119	65	36
Zm00001eb417620	54	45	76	67
Zm00001eb418060	87	83	101	97
Zm00001eb418160	67	51	64	48
Zm00001eb418170	30	68	55	93
Zm00001eb418440	369	319	320	270
Zm00001eb418460	701	794	715	808
Zm00001eb418910	59	67	90	98
Zm00001eb419110	87	83	82	78
Zm00001eb419190	128	138	137	147
Zm00001eb421170	93	101	111	119
Zm00001eb421290	26	31	51	56
Zm00001eb421460	33	55	51	73
Zm00001eb421600	50	49	71	70
Zm00001eb422190	23	33	69	79
Zm00001eb422350	29	98	52	121
Zm00001eb422440	28	32	51	55
Zm00001eb422490	48	40	110	102
Zm00001eb422590	46	43	57	54
Zm00001eb422980	34	41	50	57
Zm00001eb424290	86	95	186	95
Zm00001eb424410	49	54	56	61
Zm00001eb425830	46	117	55	126
Zm00001eb425860	34	59	60	85
Zm00001eb425920	38	35	54	51
Zm00001eb426070	81	78	87	84
Zm00001eb427180	56	125	190	259
Zm00001eb428570	44	172	58	186
Zm00001eb429480	44	52	106	114
Zm00001eb429750	208	270	156	218
Zm00001eb430770	32	43	72	83
Zm00001eb431060	41	49	49	57
Zm00001eb431850	17	14	48	45
Zm00001eb431990	31	27	74	70
Zm00001eb432170	61	214	42	195
Zm00001eb432500	95	160	92	157
Zm00001eb432990	41	35	59	53
Zm00001eb433330	36	40	50	54
Zm00001eb433350	53	65	83	95
Zm00001eb434320	47	58	60	71
